asset_id,total_rows,date_min,date_max,duplicated_timestamps,missing_date,missing_open,missing_high,missing_low,missing_close,missing_volume,ohlc_violations,negative_volume,large_gaps
A,94329,2010-01-25 09:30:00,2024-12-31 15:55:00,0,0,0,0,0,0,0,0,2,1219
A5G.IR,13490,2022-11-22 08:00:00,2024-12-31 12:30:00,0,0,0,0,0,0,0,0,435,219
AAPL,94334,2010-01-25 09:30:00,2024-12-31 15:55:00,0,0,0,0,0,0,0,0,0,1219
ABBV,75518,2013-01-23 09:30:00,2024-12-31 15:55:00,0,0,0,0,0,0,0,0,0,976
ABN.AS,16998,2022-11-22 09:00:00,2024-12-31 12:50:00,0,0,0,0,0,0,0,0,145,170
ABNB,25758,2020-12-23 09:30:00,2024-12-31 15:55:00,0,0,0,0,0,0,0,0,1,332
ABT,94329,2010-01-25 09:30:00,2024-12-31 15:55:00,0,0,0,0,0,0,0,0,1,1219
AC.PA,17249,2022-11-22 09:00:00,2024-12-31 14:00:00,0,0,0,0,0,0,0,0,258,173
ACA.PA,16242,2022-11-22 09:00:00,2024-12-31 14:00:00,0,0,0,0,0,0,0,0,255,161
ACGL,93995,2010-01-25 09:30:00,2024-12-31 15:55:00,0,0,0,0,0,0,0,0,1,1219
ACN,94329,2010-01-25 09:30:00,2024-12-31 15:55:00,0,0,0,0,0,0,0,0,1,1219
AD.AS,17219,2022-11-22 09:00:00,2024-12-31 12:50:00,0,0,0,0,0,0,0,0,246,171
ADAUSD,213638,2018-02-26 13:30:00,2025-01-01 23:55:00,0,0,0,0,0,0,0,0,0,1080
ADBE,94334,2010-01-25 09:30:00,2024-12-31 15:55:00,0,0,0,0,0,0,0,0,1,1219
ADI,94320,2010-01-25 09:30:00,2024-12-31 15:55:00,0,0,0,0,0,0,0,0,2,1219
ADM,94329,2010-01-25 09:30:00,2024-12-31 15:55:00,0,0,0,0,0,0,0,0,0,1219
ADP,94333,2010-01-25 09:30:00,2024-12-31 15:55:00,0,0,0,0,0,0,0,0,1,1219
ADP.PA,15060,2022-11-22 09:00:00,2024-12-31 14:00:00,0,0,0,0,0,0,0,0,288,175
ADSK,94332,2010-01-25 09:30:00,2024-12-31 15:55:00,0,0,0,0,0,0,0,0,0,1219
ADYEN.AS,15336,2022-11-22 09:00:00,2024-12-31 12:50:00,0,0,0,0,0,0,0,0,249,152
AEE,94325,2010-01-25 09:30:00,2024-12-31 15:55:00,0,0,0,0,0,0,0,0,1,1219
AEP,94329,2010-01-25 09:30:00,2024-12-31 15:55:00,0,0,0,0,0,0,0,0,1,1219
AES,94329,2010-01-25 09:30:00,2024-12-31 15:55:00,0,0,0,0,0,0,0,0,1,1219
AFL,94329,2010-01-25 09:30:00,2024-12-31 15:55:00,0,0,0,0,0,0,0,0,1,1219
AGN.AS,17207,2022-11-22 09:00:00,2024-12-31 12:50:00,0,0,0,0,0,0,0,0,246,171
AI.PA,14437,2022-11-22 09:00:00,2024-12-31 14:00:00,0,0,0,0,0,0,0,0,146,143
AIG,94330,2010-01-25 09:30:00,2024-12-31 15:55:00,0,0,0,0,0,0,0,0,2,1219
AIR.PA,15778,2022-11-22 09:00:00,2024-12-31 14:00:00,0,0,0,0,0,0,0,0,271,156
AIZ,93558,2010-01-25 09:30:00,2024-12-31 15:55:00,0,0,0,0,0,0,0,0,1,1219
AJG,94234,2010-01-25 09:30:00,2024-12-31 15:55:00,0,0,0,0,0,0,0,0,2,1219
AKAM,94330,2010-01-25 09:30:00,2024-12-31 15:55:00,0,0,0,0,0,0,0,0,4,1219
AKRBP.OL,14823,2022-11-22 09:00:00,2024-12-30 16:15:00,0,0,0,0,0,0,0,0,161,171
AKZA.AS,17069,2022-11-22 09:00:00,2024-12-31 12:50:00,0,0,0,0,0,0,0,0,250,172
ALB,94314,2010-01-25 09:30:00,2024-12-31 15:55:00,0,0,0,0,0,0,0,0,0,1219
ALGN,94200,2010-01-25 09:30:00,2024-12-31 15:55:00,0,0,0,0,0,0,0,0,1,1219
ALGOUSD,174982,2019-08-23 00:10:00,2025-01-01 23:55:00,0,0,0,0,0,0,0,0,1,408
ALL,94329,2010-01-25 09:30:00,2024-12-31 15:55:00,0,0,0,0,0,0,0,0,0,1219
ALLE,69540,2013-12-23 09:30:00,2024-12-31 15:55:00,0,0,0,0,0,0,0,0,4,901
ALO.PA,16792,2022-12-23 09:00:00,2024-12-31 14:00:00,0,0,0,0,0,0,0,0,235,165
AMAT,94334,2010-01-25 09:30:00,2024-12-31 15:55:00,0,0,0,0,0,0,0,0,0,1219
AMCR,35166,2019-06-24 09:30:00,2024-12-31 15:55:00,0,0,0,0,0,0,0,0,1,454
AMD,94329,2010-01-25 09:30:00,2024-12-31 15:55:00,0,0,0,0,0,0,0,0,0,1219
AME,94315,2010-01-25 09:30:00,2024-12-31 15:55:00,0,0,0,0,0,0,0,0,3,1219
AMGN,94334,2010-01-25 09:30:00,2024-12-31 15:55:00,0,0,0,0,0,0,0,0,1,1219
AMP,94029,2010-01-25 09:30:00,2024-12-31 15:55:00,0,0,0,0,0,0,0,0,1,1219
AMT,94329,2010-01-25 09:30:00,2024-12-31 15:55:00,0,0,0,0,0,0,0,0,1,1219
AMZN,94334,2010-01-25 09:30:00,2024-12-31 15:55:00,0,0,0,0,0,0,0,0,0,1219
ANET,66388,2014-06-23 09:30:00,2024-12-31 15:55:00,0,0,0,0,0,0,0,0,3,861
AON,94282,2010-01-25 09:30:00,2024-12-31 15:55:00,0,0,0,0,0,0,0,0,1,1219
AOS,94181,2010-01-25 09:30:00,2024-12-31 15:55:00,0,0,0,0,0,0,0,0,0,1219
APA,94329,2010-01-25 09:30:00,2024-12-31 15:55:00,0,0,0,0,0,0,0,0,0,1219
APD,94303,2010-01-25 09:30:00,2024-12-31 15:55:00,0,0,0,0,0,0,0,0,1,1219
APH,94312,2010-01-25 09:30:00,2024-12-31 15:55:00,0,0,0,0,0,0,0,0,2,1219
APO,85468,2011-03-30 10:00:00,2024-12-31 15:55:00,0,0,0,0,0,0,0,0,1,1124
APTV,44531,2017-12-26 09:30:00,2024-12-31 15:55:00,0,0,0,0,0,0,0,0,0,575
ARE,94074,2010-01-25 09:30:00,2024-12-31 15:55:00,0,0,0,0,0,0,0,0,1,1220
ARGX.BR,16111,2022-12-23 09:00:00,2024-12-31 12:50:00,0,0,0,0,0,0,0,0,272,169
ASM.AS,14664,2022-12-23 09:00:00,2024-12-31 12:50:00,0,0,0,0,0,0,0,0,113,145
ASML.AS,15696,2022-12-23 09:00:00,2024-12-31 12:50:00,0,0,0,0,0,0,0,0,366,156
ASRNL.AS,16361,2022-12-23 09:00:00,2024-12-31 12:50:00,0,0,0,0,0,0,0,0,227,163
ATO,94092,2010-01-25 09:30:00,2024-12-31 15:55:00,0,0,0,0,0,0,0,0,2,1220
ATO.PA,15750,2022-12-23 09:00:00,2024-12-31 14:00:00,0,0,0,0,0,0,0,0,130,164
ATOMUSD,170415,2020-01-23 00:00:00,2025-01-01 23:55:00,0,0,0,0,0,0,0,0,0,74
AUDJPY,356142,2010-01-24 17:05:00,2024-12-31 15:00:00,0,0,0,0,0,0,0,0,3694,452
AUDNZD,356936,2010-01-24 17:05:00,2024-12-31 15:00:00,0,0,0,0,0,0,0,0,399,461
AUDUSD,355205,2010-01-24 17:05:00,2024-12-31 15:00:00,0,0,0,0,0,0,0,0,273,449
AVAXUSD,106741,2021-11-22 00:00:00,2025-01-01 23:55:00,0,0,0,0,0,0,0,0,1,50
AVB,94184,2010-01-25 09:30:00,2024-12-31 15:55:00,0,0,0,0,0,0,0,0,0,1219
AVGO,94312,2010-01-25 09:30:00,2024-12-31 15:55:00,0,0,0,0,0,0,0,0,0,1219
AVY,93952,2010-01-25 09:30:00,2024-12-31 15:55:00,0,0,0,0,0,0,0,0,3,1219
AWK,94314,2010-01-25 09:30:00,2024-12-31 15:55:00,0,0,0,0,0,0,0,0,2,1219
AXON,46466,2015-06-22 09:30:00,2024-12-31 15:55:00,0,0,0,0,0,0,0,0,2,597
AXP,94334,2010-01-25 09:30:00,2024-12-31 15:55:00,0,0,0,0,0,0,0,0,1,1219
AZO,88171,2010-01-25 09:30:00,2024-12-31 15:55:00,0,0,0,0,0,0,0,0,1,1249
BA,94329,2010-01-25 09:30:00,2024-12-31 15:55:00,0,0,0,0,0,0,0,0,1,1219
BAC,94334,2010-01-25 09:30:00,2024-12-31 15:55:00,0,0,0,0,0,0,0,0,0,1219
BALL,16859,2022-05-23 09:30:00,2024-12-31 15:55:00,0,0,0,0,0,0,0,0,2,217
BAX,94334,2010-01-25 09:30:00,2024-12-31 15:55:00,0,0,0,0,0,0,0,0,3,1219
BBY,94334,2010-01-25 09:30:00,2024-12-31 15:55:00,0,0,0,0,0,0,0,0,1,1219
BDX,94327,2010-01-25 09:30:00,2024-12-31 15:55:00,0,0,0,0,0,0,0,0,3,1219
BEN,94333,2010-01-25 09:30:00,2024-12-31 15:55:00,0,0,0,0,0,0,0,0,1,1219
BESI.AS,16498,2022-12-23 09:00:00,2024-12-31 12:50:00,0,0,0,0,0,0,0,0,224,162
BF-B,19240,2017-09-22 09:30:00,2024-12-31 15:55:00,0,0,0,0,0,0,0,0,38,182
BG,94322,2010-01-25 09:30:00,2024-12-31 15:55:00,0,0,0,0,0,0,0,0,1,1219
BIIB,94324,2010-01-25 09:30:00,2024-12-31 15:55:00,0,0,0,0,0,0,0,0,0,1219
BIM.PA,14836,2022-12-23 09:00:00,2024-12-31 14:00:00,0,0,0,0,0,0,0,0,286,173
BIRG.IR,15000,2022-12-23 08:00:00,2024-12-31 12:30:00,0,0,0,0,0,0,0,0,427,172
BK,94334,2010-01-25 09:30:00,2024-12-31 15:55:00,0,0,0,0,0,0,0,0,1,1219
BKNG,41137,2018-02-27 09:30:00,2024-12-31 15:55:00,0,0,0,0,0,0,0,0,0,567
BKR,43163,2010-01-25 09:30:00,2024-12-31 15:55:00,0,0,0,0,0,0,0,0,0,885
BLDR,90260,2010-01-25 09:30:00,2024-12-31 15:55:00,0,0,0,0,0,0,0,0,1,1271
BLK,93995,2010-01-25 09:30:00,2024-12-31 15:55:00,0,0,0,0,0,0,0,0,0,1219
BMY,94334,2010-01-25 09:30:00,2024-12-31 15:55:00,0,0,0,0,0,0,0,0,0,1219
BN.PA,16592,2022-12-23 09:00:00,2024-12-31 14:00:00,0,0,0,0,0,0,0,0,222,163
BNBUSD,42407,2023-10-23 00:00:00,2025-01-01 23:55:00,0,0,0,0,0,0,0,0,20311,29
BNP.PA,13171,2022-12-23 09:00:00,2024-12-31 14:00:00,0,0,0,0,0,0,0,0,239,129
BR,93846,2010-01-25 09:30:00,2024-12-31 15:55:00,0,0,0,0,0,0,0,0,1,1219
BRK-B,28214,2015-12-23 09:30:00,2024-12-31 15:55:00,0,0,0,0,0,0,0,0,85,181
BRO,94261,2010-01-25 09:30:00,2024-12-31 15:55:00,0,0,0,0,0,0,0,0,3,1219
BSX,94334,2010-01-25 09:30:00,2024-12-31 15:55:00,0,0,0,0,0,0,0,0,1,1219
BTCUSD,305227,2013-11-22 00:45:00,2025-01-01 23:55:00,0,0,0,0,0,0,0,0,0,2076
BVI.PA,15240,2022-12-23 09:00:00,2024-12-31 14:00:00,0,0,0,0,0,0,0,0,240,168
BX,94334,2010-01-25 09:30:00,2024-12-31 15:55:00,0,0,0,0,0,0,0,0,1,1219
BXP,94293,2010-01-25 09:30:00,2024-12-31 15:55:00,0,0,0,0,0,0,0,0,4,1219
C,94334,2010-01-25 09:30:00,2024-12-31 15:55:00,0,0,0,0,0,0,0,0,0,1219
CA.PA,17007,2022-12-23 09:00:00,2024-12-31 14:00:00,0,0,0,0,0,0,0,0,250,168
CAG,94334,2010-01-25 09:30:00,2024-12-31 15:55:00,0,0,0,0,0,0,0,0,0,1219
CAH,94334,2010-01-25 09:30:00,2024-12-31 15:55:00,0,0,0,0,0,0,0,0,2,1219
CAP.PA,16971,2022-12-23 09:00:00,2024-12-31 14:00:00,0,0,0,0,0,0,0,0,249,167
CARR,30012,2020-04-22 09:30:00,2024-12-31 15:55:00,0,0,0,0,0,0,0,0,1,387
CAT,94331,2010-01-25 09:30:00,2024-12-31 15:55:00,0,0,0,0,0,0,0,0,1,1219
CB,94326,2010-01-25 09:30:00,2024-12-31 15:55:00,0,0,0,0,0,0,0,0,1,1219
CBOE,91425,2010-06-22 09:30:00,2024-12-31 15:55:00,0,0,0,0,0,0,0,0,3,1186
CBRE,42969,2018-03-23 09:30:00,2024-12-31 15:55:00,0,0,0,0,0,0,0,0,1,555
CCI,94328,2010-01-25 09:30:00,2024-12-31 15:55:00,0,0,0,0,0,0,0,0,1,1219
CCL,94323,2010-01-25 09:30:00,2024-12-31 15:55:00,0,0,0,0,0,0,0,0,0,1219
CDNS,94329,2010-01-25 09:30:00,2024-12-31 15:55:00,0,0,0,0,0,0,0,0,1,1219
CDW,72075,2013-06-27 10:20:00,2024-12-31 15:55:00,0,0,0,0,0,0,0,0,0,940
CEG,18419,2022-02-22 09:30:00,2024-12-31 15:55:00,0,0,0,0,0,0,0,0,1,237
CF,94316,2010-01-25 09:30:00,2024-12-31 15:55:00,0,0,0,0,0,0,0,0,2,1219
CFG,64892,2014-09-24 10:05:00,2024-12-31 15:55:00,0,0,0,0,0,0,0,0,1,839
CHD,94306,2010-01-25 09:30:00,2024-12-31 15:55:00,0,0,0,0,0,0,0,0,1,1219
CHFJPY,353147,2010-01-24 17:05:00,2024-12-31 15:00:00,0,0,0,0,0,0,0,2,0,448
CHRW,94325,2010-01-25 09:30:00,2024-12-31 15:55:00,0,0,0,0,0,0,0,0,1,1219
CHTR,87801,2010-11-22 09:30:00,2024-12-31 15:55:00,0,0,0,0,0,0,0,0,0,1157
CI,94323,2010-01-25 09:30:00,2024-12-31 15:55:00,0,0,0,0,0,0,0,0,1,1219
CINF,94089,2010-01-25 09:30:00,2024-12-31 15:55:00,0,0,0,0,0,0,0,0,1,1219
CL,94329,2010-01-25 09:30:00,2024-12-31 15:55:00,0,0,0,0,0,0,0,0,1,1219
CLX,94324,2010-01-25 09:30:00,2024-12-31 15:55:00,0,0,0,0,0,0,0,0,1,1219
CMCSA,94334,2010-01-25 09:30:00,2024-12-31 15:55:00,0,0,0,0,0,0,0,0,1,1219
CME,94316,2010-01-25 09:30:00,2024-12-31 15:55:00,0,0,0,0,0,0,0,0,1,1219
CMG,92455,2010-01-25 09:30:00,2024-12-31 15:55:00,0,0,0,0,0,0,0,0,0,1220
CMI,94262,2010-01-25 09:30:00,2024-12-31 15:55:00,0,0,0,0,0,0,0,0,1,1219
CMS,94324,2010-01-25 09:30:00,2024-12-31 15:55:00,0,0,0,0,0,0,0,0,0,1219
CNC,94280,2010-01-25 09:30:00,2024-12-31 15:55:00,0,0,0,0,0,0,0,0,1,1219
CNP,94329,2010-01-25 09:30:00,2024-12-31 15:55:00,0,0,0,0,0,0,0,0,1,1219
COF,94329,2010-01-25 09:30:00,2024-12-31 15:55:00,0,0,0,0,0,0,0,0,1,1219
COIN,23766,2021-04-22 09:30:00,2024-12-31 15:55:00,0,0,0,0,0,0,0,0,0,306
COO,92578,2010-01-25 09:30:00,2024-12-31 15:55:00,0,0,0,0,0,0,0,0,1,1220
COP,94329,2010-01-25 09:30:00,2024-12-31 15:55:00,0,0,0,0,0,0,0,0,0,1219
COR,26018,2014-04-22 09:30:00,2024-12-31 15:55:00,0,0,0,0,0,0,0,0,0,293
COST,94333,2010-01-25 09:30:00,2024-12-31 15:55:00,0,0,0,0,0,0,0,0,1,1219
CPAY,4804,2024-03-25 09:30:00,2024-12-31 15:55:00,0,0,0,0,0,0,0,0,1,64
CPB,94325,2010-01-25 09:30:00,2024-12-31 15:55:00,0,0,0,0,0,0,0,0,1,1219
CPR.MI,16913,2022-12-23 09:00:00,2024-12-30 17:25:00,0,0,0,0,0,0,0,0,263,166
CPRT,94118,2010-01-25 09:30:00,2024-12-31 15:55:00,0,0,0,0,0,0,0,0,2,1219
CPT,94158,2010-01-25 09:30:00,2024-12-31 15:55:00,0,0,0,0,0,0,0,0,1,1219
CRH,90555,2010-01-25 09:30:00,2024-12-31 15:55:00,0,0,0,0,0,0,0,0,0,1227
CRL,93450,2010-01-25 09:30:00,2024-12-31 15:55:00,0,0,0,0,0,0,0,0,0,1220
CRM,94329,2010-01-25 09:30:00,2024-12-31 15:55:00,0,0,0,0,0,0,0,0,0,1219
CRWD,35166,2019-06-24 09:30:00,2024-12-31 15:55:00,0,0,0,0,0,0,0,0,0,454
CS.PA,15312,2022-12-23 09:00:00,2024-12-31 14:00:00,0,0,0,0,0,0,0,0,225,150
CSCO,94335,2010-01-25 09:30:00,2024-12-31 15:55:00,0,0,0,0,0,0,0,0,1,1219
CSGP,88958,2010-01-25 09:30:00,2024-12-31 15:55:00,0,0,0,0,0,0,0,0,0,1223
CSX,94329,2010-01-25 09:30:00,2024-12-31 15:55:00,0,0,0,0,0,0,0,0,1,1219
CTAS,93461,2010-01-25 09:30:00,2024-12-31 15:55:00,0,0,0,0,0,0,0,0,0,1219
CTRA,31498,2019-01-23 09:30:00,2024-12-31 15:55:00,0,0,0,0,0,0,0,0,1,450
CTSH,94334,2010-01-25 09:30:00,2024-12-31 15:55:00,0,0,0,0,0,0,0,0,1,1219
CTVA,35166,2019-06-24 09:30:00,2024-12-31 15:55:00,0,0,0,0,0,0,0,0,1,454
CVS,94329,2010-01-25 09:30:00,2024-12-31 15:55:00,0,0,0,0,0,0,0,0,2,1219
CVX,94329,2010-01-25 09:30:00,2024-12-31 15:55:00,0,0,0,0,0,0,0,0,1,1219
CZR,80718,2012-02-21 09:30:00,2024-12-31 15:55:00,0,0,0,0,0,0,0,0,1,1048
D,94334,2010-01-25 09:30:00,2024-12-31 15:55:00,0,0,0,0,0,0,0,0,1,1219
DAL,94334,2010-01-25 09:30:00,2024-12-31 15:55:00,0,0,0,0,0,0,0,0,1,1219
DASH,25757,2020-12-23 09:30:00,2024-12-31 15:55:00,0,0,0,0,0,0,0,0,0,332
DAY,5620,2024-02-21 09:30:00,2024-12-31 15:55:00,0,0,0,0,0,0,0,0,0,72
DD,82593,2010-01-25 09:30:00,2024-12-31 15:55:00,0,0,0,0,0,0,0,0,1,1069
DDOG,33606,2019-09-23 09:30:00,2024-12-31 15:55:00,0,0,0,0,0,0,0,0,0,434
DE,94332,2010-01-25 09:30:00,2024-12-31 15:55:00,0,0,0,0,0,0,0,0,2,1219
DECK,93709,2010-01-25 09:30:00,2024-12-31 15:55:00,0,0,0,0,0,0,0,0,4,1219
DELL,37969,2019-01-23 09:30:00,2024-12-31 15:55:00,0,0,0,0,0,0,0,0,1,490
DG,94283,2010-01-25 09:30:00,2024-12-31 15:55:00,0,0,0,0,0,0,0,0,1,1219
DG.PA,16015,2022-12-23 09:00:00,2024-12-31 14:00:00,0,0,0,0,0,0,0,0,128,158
DGX,94282,2010-01-25 09:30:00,2024-12-31 15:55:00,0,0,0,0,0,0,0,0,2,1219
DHI,94334,2010-01-25 09:30:00,2024-12-31 15:55:00,0,0,0,0,0,0,0,0,1,1219
DHR,94334,2010-01-25 09:30:00,2024-12-31 15:55:00,0,0,0,0,0,0,0,0,0,1219
DIE.BR,13634,2022-12-23 09:00:00,2024-12-31 12:50:00,0,0,0,0,0,0,0,0,178,172
DIM.PA,16002,2022-12-23 09:00:00,2024-12-31 14:00:00,0,0,0,0,0,0,0,0,138,166
DIS,94334,2010-01-25 09:30:00,2024-12-31 15:55:00,0,0,0,0,0,0,0,0,1,1219
DLR,94329,2010-01-25 09:30:00,2024-12-31 15:55:00,0,0,0,0,0,0,0,0,1,1219
DLTR,94334,2010-01-25 09:30:00,2024-12-31 15:55:00,0,0,0,0,0,0,0,0,1,1219
DNB.OL,13577,2023-01-23 09:00:00,2024-12-30 16:15:00,0,0,0,0,0,0,0,0,126,158
DOC,70037,2013-07-23 09:30:00,2024-12-31 15:55:00,0,0,0,0,0,0,0,0,1,952
DOGEUSD,244881,2017-06-22 00:05:00,2025-01-01 23:55:00,0,0,0,0,0,0,0,0,0,358
DOTUSD,146664,2020-08-23 00:10:00,2025-01-01 23:55:00,0,0,0,0,0,0,0,0,0,83
DOV,94290,2010-01-25 09:30:00,2024-12-31 15:55:00,0,0,0,0,0,0,0,0,2,1219
DOW,45540,2014-02-20 09:30:00,2024-12-31 15:55:00,0,0,0,0,0,0,0,0,2,587
DPZ,94088,2010-01-25 09:30:00,2024-12-31 15:55:00,0,0,0,0,0,0,0,0,1,1219
DRI,94332,2010-01-25 09:30:00,2024-12-31 15:55:00,0,0,0,0,0,0,0,0,2,1219
DSFIR.AS,11124,2023-08-23 09:00:00,2024-12-31 12:50:00,0,0,0,0,0,0,0,0,9002,110
DSY.PA,16306,2022-12-23 09:00:00,2024-12-31 14:00:00,0,0,0,0,0,0,0,0,243,160
DTE,94323,2010-01-25 09:30:00,2024-12-31 15:55:00,0,0,0,0,0,0,0,0,1,1219
DUK,94334,2010-01-25 09:30:00,2024-12-31 15:55:00,0,0,0,0,0,0,0,0,3,1219
DVA,94216,2010-01-25 09:30:00,2024-12-31 15:55:00,0,0,0,0,0,0,0,0,1,1219
DVN,94328,2010-01-25 09:30:00,2024-12-31 15:55:00,0,0,0,0,0,0,0,0,2,1220
DXCM,94132,2010-01-25 09:30:00,2024-12-31 15:55:00,0,0,0,0,0,0,0,0,2,1219
EA,82081,2011-12-23 09:30:00,2024-12-31 15:55:00,0,0,0,0,0,0,0,0,1,1061
EBAY,94334,2010-01-25 09:30:00,2024-12-31 15:55:00,0,0,0,0,0,0,0,0,0,1219
ECL,94313,2010-01-25 09:30:00,2024-12-31 15:55:00,0,0,0,0,0,0,0,0,0,1219
ED,94334,2010-01-25 09:30:00,2024-12-31 15:55:00,0,0,0,0,0,0,0,0,1,1219
EDEN.PA,16314,2022-12-23 09:00:00,2024-12-31 14:00:00,0,0,0,0,0,0,0,0,234,165
EDP.LS,15502,2022-12-23 08:00:00,2024-12-31 12:50:00,0,0,0,0,0,0,0,0,66,164
EDPR.LS,14905,2022-12-23 08:00:00,2024-12-31 12:50:00,0,0,0,0,0,0,0,0,174,165
EFX,94220,2010-01-25 09:30:00,2024-12-31 15:55:00,0,0,0,0,0,0,0,0,3,1219
EG,8783,2023-07-24 09:30:00,2024-12-31 15:55:00,0,0,0,0,0,0,0,0,2,120
EIX,94333,2010-01-25 09:30:00,2024-12-31 15:55:00,0,0,0,0,0,0,0,0,2,1219
EL,94333,2010-01-25 09:30:00,2024-12-31 15:55:00,0,0,0,0,0,0,0,0,1,1219
EL.PA,15878,2022-12-23 09:00:00,2024-12-31 14:00:00,0,0,0,0,0,0,0,0,125,156
ELV,15987,2022-06-28 09:30:00,2024-12-31 15:55:00,0,0,0,0,0,0,0,0,1,206
EMN,94308,2010-01-25 09:30:00,2024-12-31 15:55:00,0,0,0,0,0,0,0,0,1,1219
EMR,94323,2010-01-25 09:30:00,2024-12-31 15:55:00,0,0,0,0,0,0,0,0,1,1220
EN.PA,16475,2022-12-23 09:00:00,2024-12-31 14:00:00,0,0,0,0,0,0,0,0,230,165
ENEL.MI,13055,2022-12-23 09:00:00,2024-12-30 17:25:00,0,0,0,0,0,0,0,0,250,127
ENGI.PA,16413,2022-12-23 09:00:00,2024-12-31 14:00:00,0,0,0,0,0,0,0,0,231,161
ENI.MI,13048,2022-12-23 09:00:00,2024-12-30 17:25:00,0,0,0,0,0,0,0,0,216,127
ENPH,77318,2012-04-23 09:30:00,2024-12-31 15:55:00,0,0,0,0,0,0,0,0,0,1075
ENX.PA,14143,2022-12-23 09:00:00,2024-12-31 14:00:00,0,0,0,0,0,0,0,0,163,178
EOG,94334,2010-01-25 09:30:00,2024-12-31 15:55:00,0,0,0,0,0,0,0,0,0,1219
EPAM,78101,2012-02-21 09:30:00,2024-12-31 15:55:00,0,0,0,0,0,0,0,0,1,1071
EQIX,93579,2010-01-25 09:30:00,2024-12-31 15:55:00,0,0,0,0,0,0,0,0,3,1219
EQNR.OL,13287,2022-12-23 09:00:00,2024-12-30 16:15:00,0,0,0,0,0,0,0,0,148,153
EQR,94334,2010-01-25 09:30:00,2024-12-31 15:55:00,0,0,0,0,0,0,0,0,1,1219
EQT,94332,2010-01-25 09:30:00,2024-12-31 15:55:00,0,0,0,0,0,0,0,0,1,1219
ERF.PA,16514,2022-12-23 09:00:00,2024-12-31 14:00:00,0,0,0,0,0,0,0,0,225,165
ERIE,55220,2010-01-25 09:30:00,2024-11-29 12:55:00,0,0,0,0,0,0,0,0,1,1859
ES,83420,2010-01-25 09:30:00,2024-12-31 15:55:00,0,0,0,0,0,0,0,0,3,1079
ESS,92890,2010-01-25 09:30:00,2024-12-31 15:55:00,0,0,0,0,0,0,0,0,4,1219
ETCUSD,272159,2016-07-27 04:35:00,2025-01-01 23:55:00,0,0,0,0,0,0,0,0,23,865
ETHUSD,292456,2016-01-23 00:20:00,2025-01-01 23:55:00,0,0,0,0,0,0,0,0,1,930
ETN,94334,2010-01-25 09:30:00,2024-12-31 15:55:00,0,0,0,0,0,0,0,0,2,1219
ETR,94327,2010-01-25 09:30:00,2024-12-31 15:55:00,0,0,0,0,0,0,0,0,3,1219
EURAUD,351971,2010-01-24 17:05:00,2024-12-31 15:00:00,0,0,0,0,0,0,0,0,0,450
EURCHF,352421,2010-01-24 17:05:00,2024-12-31 15:00:00,0,0,0,0,0,0,0,0,3,472
EURGBP,354817,2010-01-24 17:05:00,2024-12-31 15:00:00,0,0,0,0,0,0,0,0,154,453
EURJPY,354003,2010-01-24 17:05:00,2024-12-31 15:00:00,0,0,0,0,0,0,0,0,1,452
EURUSD,354631,2010-01-24 17:05:00,2025-01-01 23:55:00,0,0,0,0,0,0,0,0,310,452
EVRG,41487,2018-06-22 09:30:00,2024-12-31 15:55:00,0,0,0,0,0,0,0,0,1,536
EW,94329,2010-01-25 09:30:00,2024-12-31 15:55:00,0,0,0,0,0,0,0,0,4,1219
EXC,94334,2010-01-25 09:30:00,2024-12-31 15:55:00,0,0,0,0,0,0,0,0,0,1219
EXE,332,2024-12-23 09:35:00,2024-12-31 15:50:00,0,0,0,0,0,0,0,0,0,5
EXPD,94311,2010-01-25 09:30:00,2024-12-31 15:55:00,0,0,0,0,0,0,0,0,5,1219
EXPE,94334,2010-01-25 09:30:00,2024-12-31 15:55:00,0,0,0,0,0,0,0,0,1,1219
EXR,94263,2010-01-25 09:30:00,2024-12-31 15:55:00,0,0,0,0,0,0,0,0,2,1219
F,94334,2010-01-25 09:30:00,2024-12-31 15:55:00,0,0,0,0,0,0,0,0,0,1219
FANG,76019,2012-10-23 09:30:00,2024-12-31 15:55:00,0,0,0,0,0,0,0,0,3,1009
FAST,94332,2010-01-25 09:30:00,2024-12-31 15:55:00,0,0,0,0,0,0,0,0,3,1219
FBK.MI,16348,2022-12-23 09:00:00,2024-12-30 17:25:00,0,0,0,0,0,0,0,0,237,162
FCX,94334,2010-01-25 09:30:00,2024-12-31 15:55:00,0,0,0,0,0,0,0,0,0,1219
FDS,91246,2010-01-25 09:30:00,2024-12-31 15:55:00,0,0,0,0,0,0,0,0,1,1223
FDX,94322,2010-01-25 09:30:00,2024-12-31 15:55:00,0,0,0,0,0,0,0,0,3,1220
FE,94329,2010-01-25 09:30:00,2024-12-31 15:55:00,0,0,0,0,0,0,0,0,1,1219
FFIV,93829,2010-01-25 09:30:00,2024-12-31 15:55:00,0,0,0,0,0,0,0,0,3,1219
FGR.PA,16208,2022-12-23 09:00:00,2024-12-31 14:00:00,0,0,0,0,0,0,0,0,226,165
FI,56724,2013-08-23 09:30:00,2024-12-31 15:55:00,0,0,0,0,0,0,0,0,1,740
FICO,87292,2010-01-25 09:30:00,2024-12-31 15:55:00,0,0,0,0,0,0,0,0,1,1242
FILUSD,142227,2020-10-23 00:00:00,2025-01-01 23:55:00,0,0,0,0,0,0,0,0,4,61
FIS,94328,2010-01-25 09:30:00,2024-12-31 15:55:00,0,0,0,0,0,0,0,0,1,1219
FITB,94334,2010-01-25 09:30:00,2024-12-31 15:55:00,0,0,0,0,0,0,0,0,2,1219
FOX,72306,2013-07-23 09:30:00,2024-12-31 15:55:00,0,0,0,0,0,0,0,0,4,936
FOXA,72315,2013-07-23 09:30:00,2024-12-31 15:55:00,0,0,0,0,0,0,0,0,1,936
FR.PA,16972,2022-12-23 09:00:00,2024-12-31 14:00:00,0,0,0,0,0,0,0,0,254,170
FRT,93848,2010-01-25 09:30:00,2024-12-31 15:55:00,0,0,0,0,0,0,0,0,1,1219
FSLR,94325,2010-01-25 09:30:00,2024-12-31 15:55:00,0,0,0,0,0,0,0,0,0,1220
FTNT,94214,2010-01-25 09:30:00,2024-12-31 15:55:00,0,0,0,0,0,0,0,0,1,1220
FTV,53661,2016-07-25 09:30:00,2024-12-31 15:55:00,0,0,0,0,0,0,0,0,1,693
G.MI,16685,2022-12-23 09:00:00,2024-12-30 17:25:00,0,0,0,0,0,0,0,0,247,163
GALP.LS,15562,2022-12-23 08:00:00,2024-12-31 12:50:00,0,0,0,0,0,0,0,0,185,170
GBLB.BR,14589,2022-12-23 09:00:00,2024-12-31 12:15:00,0,0,0,0,0,0,0,0,235,177
GBPJPY,354408,2010-01-24 17:05:00,2024-12-31 15:00:00,0,0,0,0,0,0,0,0,888,449
GBPUSD,353688,2010-01-24 17:05:00,2025-01-01 23:55:00,0,0,0,0,0,0,0,0,0,452
GD,94323,2010-01-25 09:30:00,2024-12-31 15:55:00,0,0,0,0,0,0,0,0,2,1219
GDDY,61448,2015-04-22 09:30:00,2024-12-31 15:55:00,0,0,0,0,0,0,0,0,2,795
GE,94329,2010-01-25 09:30:00,2024-12-31 15:55:00,0,0,0,0,0,0,0,0,0,1219
GEHC,12606,2023-01-23 09:30:00,2024-12-31 15:55:00,0,0,0,0,0,0,0,0,2,162
GEN,56247,2010-12-23 09:30:00,2024-12-31 15:55:00,0,0,0,0,0,0,0,0,4,792
GEV,4608,2024-04-22 09:30:00,2024-12-31 15:55:00,0,0,0,0,0,0,0,0,0,59
GILD,94326,2010-01-25 09:30:00,2024-12-31 15:55:00,0,0,0,0,0,0,0,0,0,1220
GIS,94329,2010-01-25 09:30:00,2024-12-31 15:55:00,0,0,0,0,0,0,0,0,2,1219
GL,33911,2019-08-23 09:30:00,2024-12-31 15:55:00,0,0,0,0,0,0,0,0,3,440
GLE.PA,14459,2022-12-23 09:00:00,2024-12-31 14:00:00,0,0,0,0,0,0,0,0,244,144
GLW,94329,2010-01-25 09:30:00,2024-12-31 15:55:00,0,0,0,0,0,0,0,0,1,1219
GM,88939,2010-11-22 09:30:00,2024-12-31 15:55:00,0,0,0,0,0,0,0,0,1,1150
GNRC,91027,2010-02-22 09:30:00,2024-12-31 15:55:00,0,0,0,0,0,0,0,0,0,1252
GOOG,94332,2010-01-25 09:30:00,2024-12-31 15:55:00,0,0,0,0,0,0,0,0,0,1219
GOOGL,67639,2014-04-22 09:30:00,2024-12-31 15:55:00,0,0,0,0,0,0,0,0,0,874
GPC,94288,2010-01-25 09:30:00,2024-12-31 15:55:00,0,0,0,0,0,0,0,0,1,1220
GPN,94239,2010-01-25 09:30:00,2024-12-31 15:55:00,0,0,0,0,0,0,0,0,2,1219
GRMN,94279,2010-01-25 09:30:00,2024-12-31 15:55:00,0,0,0,0,0,0,0,0,1,1219
GS,94329,2010-01-25 09:30:00,2024-12-31 15:55:00,0,0,0,0,0,0,0,0,0,1219
GWW,92115,2010-01-25 09:30:00,2024-12-31 15:55:00,0,0,0,0,0,0,0,0,4,1222
HAL,94329,2010-01-25 09:30:00,2024-12-31 15:55:00,0,0,0,0,0,0,0,0,1,1219
HAS,94313,2010-01-25 09:30:00,2024-12-31 15:55:00,0,0,0,0,0,0,0,0,1,1219
HAVAS.AS,376,2024-12-23 09:00:00,2024-12-31 12:50:00,0,0,0,0,0,0,0,0,376,4
HBAN,94334,2010-01-25 09:30:00,2024-12-31 15:55:00,0,0,0,0,0,0,0,0,1,1219
HBARUSD,75561,2022-10-23 00:00:00,2025-01-01 23:55:00,0,0,0,0,0,0,0,0,0,37
HCA,86939,2011-03-23 09:30:00,2024-12-31 15:55:00,0,0,0,0,0,0,0,0,1,1124
HD,94329,2010-01-25 09:30:00,2024-12-31 15:55:00,0,0,0,0,0,0,0,0,1,1219
HEIA.AS,16748,2022-12-23 09:00:00,2024-12-31 12:50:00,0,0,0,0,0,0,0,0,242,165
HIG,94328,2010-01-25 09:30:00,2024-12-31 15:55:00,0,0,0,0,0,0,0,0,2,1219
HII,83842,2011-04-25 09:30:00,2024-12-31 15:55:00,0,0,0,0,0,0,0,0,2,1118
HLT,69709,2013-12-23 09:30:00,2024-12-31 15:55:00,0,0,0,0,0,0,0,0,1,901
HO.PA,16758,2022-12-23 09:00:00,2024-12-31 14:00:00,0,0,0,0,0,0,0,0,221,165
HOLX,94333,2010-01-25 09:30:00,2024-12-31 15:55:00,0,0,0,0,0,0,0,0,1,1219
HON,94334,2010-01-25 09:30:00,2024-12-31 15:55:00,0,0,0,0,0,0,0,0,1,1219
HPE,57727,2015-11-23 09:30:00,2024-12-31 15:55:00,0,0,0,0,0,0,0,0,1,746
HPQ,94331,2010-01-25 09:30:00,2024-12-31 15:55:00,0,0,0,0,0,0,0,0,0,1219
HRL,94332,2010-01-25 09:30:00,2024-12-31 15:55:00,0,0,0,0,0,0,0,0,1,1219
HSIC,94130,2010-01-25 09:30:00,2024-12-31 15:55:00,0,0,0,0,0,0,0,0,1,1219
HST,94334,2010-01-25 09:30:00,2024-12-31 15:55:00,0,0,0,0,0,0,0,0,1,1219
HSY,94302,2010-01-25 09:30:00,2024-12-31 15:55:00,0,0,0,0,0,0,0,0,3,1220
HUBB,55609,2015-12-24 09:30:00,2024-12-31 15:55:00,0,0,0,0,0,0,0,0,1,739
HUM,94258,2010-01-25 09:30:00,2024-12-31 15:55:00,0,0,0,0,0,0,0,0,1,1219
HWM,30011,2020-04-22 09:30:00,2024-12-31 15:55:00,0,0,0,0,0,0,0,0,3,387
IBM,94334,2010-01-25 09:30:00,2024-12-31 15:55:00,0,0,0,0,0,0,0,0,1,1219
ICE,94301,2010-01-25 09:30:00,2024-12-31 15:55:00,0,0,0,0,0,0,0,0,1,1219
ICPUSD,124936,2021-05-23 00:00:00,2025-01-01 23:55:00,0,0,0,0,0,0,0,0,0,48
IDXX,93441,2010-01-25 09:30:00,2024-12-31 15:55:00,0,0,0,0,0,0,0,0,0,1219
IEX,92946,2010-01-25 09:30:00,2024-12-31 15:55:00,0,0,0,0,0,0,0,0,1,1219
IFF,94064,2010-01-25 09:30:00,2024-12-31 15:55:00,0,0,0,0,0,0,0,0,2,1219
INCY,94321,2010-01-25 09:30:00,2024-12-31 15:55:00,0,0,0,0,0,0,0,0,5,1219
INGA.AS,13046,2022-12-23 09:00:00,2024-12-31 12:50:00,0,0,0,0,0,0,0,0,221,128
INTC,94328,2010-01-25 09:30:00,2024-12-31 15:55:00,0,0,0,0,0,0,0,0,0,1219
INTU,94327,2010-01-25 09:30:00,2024-12-31 15:55:00,0,0,0,0,0,0,0,0,0,1219
INVH,49942,2017-02-21 09:30:00,2024-12-31 15:55:00,0,0,0,0,0,0,0,0,1,645
INW.MI,15293,2022-12-23 09:00:00,2024-12-30 17:25:00,0,0,0,0,0,0,0,0,295,166
IP,94334,2010-01-25 09:30:00,2024-12-31 15:55:00,0,0,0,0,0,0,0,0,1,1219
IPG,94334,2010-01-25 09:30:00,2024-12-31 15:55:00,0,0,0,0,0,0,0,0,1,1219
IPN.PA,11433,2022-12-23 09:00:00,2024-12-31 14:00:00,0,0,0,0,0,0,0,0,187,226
IQV,45020,2017-11-22 09:30:00,2024-12-31 15:55:00,0,0,0,0,0,0,0,0,1,582
IR,94334,2010-01-25 09:30:00,2024-12-31 15:55:00,0,0,0,0,0,0,0,0,3,1219
IRM,94333,2010-01-25 09:30:00,2024-12-31 15:55:00,0,0,0,0,0,0,0,0,0,1219
ISP.MI,14581,2022-12-23 09:00:00,2024-12-30 17:25:00,0,0,0,0,0,0,0,0,298,142
ISRG,93584,2010-01-25 09:30:00,2024-12-31 15:55:00,0,0,0,0,0,0,0,0,0,1219
IT,93208,2010-01-25 09:30:00,2024-12-31 15:55:00,0,0,0,0,0,0,0,0,1,1219
ITW,94322,2010-01-25 09:30:00,2024-12-31 15:55:00,0,0,0,0,0,0,0,0,0,1219
IVZ,94334,2010-01-25 09:30:00,2024-12-31 15:55:00,0,0,0,0,0,0,0,0,2,1219
J,31896,2019-12-23 09:30:00,2024-12-31 15:55:00,0,0,0,0,0,0,0,0,1,414
JBHT,94214,2010-01-25 09:30:00,2024-12-31 15:55:00,0,0,0,0,0,0,0,0,1,1219
JBL,94331,2010-01-25 09:30:00,2024-12-31 15:55:00,0,0,0,0,0,0,0,0,1,1219
JCI,94334,2010-01-25 09:30:00,2024-12-31 15:55:00,0,0,0,0,0,0,0,0,1,1219
JKHY,93440,2010-01-25 09:30:00,2024-12-31 15:55:00,0,0,0,0,0,0,0,0,1,1219
JMT.LS,13418,2022-12-23 08:00:00,2024-12-31 12:50:00,0,0,0,0,0,0,0,0,274,174
JNJ,94329,2010-01-25 09:30:00,2024-12-31 15:55:00,0,0,0,0,0,0,0,0,1,1219
JPM,94334,2010-01-25 09:30:00,2024-12-31 15:55:00,0,0,0,0,0,0,0,0,1,1219
K,94333,2010-01-25 09:30:00,2024-12-31 15:55:00,0,0,0,0,0,0,0,0,3,1219
KBC.BR,16513,2022-12-23 09:00:00,2024-12-31 12:45:00,0,0,0,0,0,0,0,0,233,164
KDP,41022,2018-07-23 09:30:00,2024-12-31 15:55:00,0,0,0,0,0,0,0,0,0,530
KER.PA,14990,2022-12-23 09:00:00,2024-12-31 14:00:00,0,0,0,0,0,0,0,0,126,147
KEY,94329,2010-01-25 09:30:00,2024-12-31 15:55:00,0,0,0,0,0,0,0,0,1,1219
KEYS,63840,2014-11-24 09:30:00,2024-12-31 15:55:00,0,0,0,0,0,0,0,0,1,826
KHC,59911,2015-07-23 09:30:00,2024-12-31 15:55:00,0,0,0,0,0,0,0,0,0,774
KIM,94329,2010-01-25 09:30:00,2024-12-31 15:55:00,0,0,0,0,0,0,0,0,2,1219
KKR,91037,2010-07-23 09:30:00,2024-12-31 15:55:00,0,0,0,0,0,0,0,0,1,1178
KLAC,94298,2010-01-25 09:30:00,2024-12-31 15:55:00,0,0,0,0,0,0,0,0,0,1219
KMB,94328,2010-01-25 09:30:00,2024-12-31 15:55:00,0,0,0,0,0,0,0,0,0,1219
KMI,87417,2011-02-22 09:30:00,2024-12-31 15:55:00,0,0,0,0,0,0,0,0,1,1130
KMX,94328,2010-01-25 09:30:00,2024-12-31 15:55:00,0,0,0,0,0,0,0,0,2,1219
KO,94329,2010-01-25 09:30:00,2024-12-31 15:55:00,0,0,0,0,0,0,0,0,1,1219
KOG.OL,13339,2023-01-23 09:00:00,2024-12-30 16:15:00,0,0,0,0,0,0,0,0,120,158
KPN.AS,16432,2022-12-23 09:00:00,2024-12-31 12:50:00,0,0,0,0,0,0,0,0,216,165
KR,94327,2010-01-25 09:30:00,2024-12-31 15:55:00,0,0,0,0,0,0,0,0,1,1219
KRX.IR,13581,2022-12-23 08:00:00,2024-12-31 12:30:00,0,0,0,0,0,0,0,0,496,203
KRZ.IR,13403,2022-12-23 08:00:00,2024-12-31 12:30:00,0,0,0,0,0,0,0,0,438,189
KVUE,10344,2023-05-23 09:30:00,2024-12-31 15:55:00,0,0,0,0,0,0,0,0,2,133
L,94267,2010-01-25 09:30:00,2024-12-31 15:55:00,0,0,0,0,0,0,0,0,2,1219
LDO.MI,16832,2022-12-23 09:00:00,2024-12-30 17:25:00,0,0,0,0,0,0,0,0,238,167
LDOS,70542,2013-10-23 09:30:00,2024-12-31 15:55:00,0,0,0,0,0,0,0,0,1,915
LEN,94329,2010-01-25 09:30:00,2024-12-31 15:55:00,0,0,0,0,0,0,0,0,2,1219
LH,94172,2010-01-25 09:30:00,2024-12-31 15:55:00,0,0,0,0,0,0,0,0,4,1219
LHX,34686,2019-07-23 09:30:00,2024-12-31 15:55:00,0,0,0,0,0,0,0,0,1,448
LII,92148,2010-01-25 09:30:00,2024-12-31 15:55:00,0,0,0,0,0,0,0,0,3,1220
LIN,45780,2013-08-23 09:30:00,2024-12-31 15:55:00,0,0,0,0,0,0,0,0,1,612
LINKUSD,188992,2019-06-27 12:30:00,2025-01-01 23:55:00,0,0,0,0,0,0,0,0,0,80
LKQ,79427,2012-05-23 09:30:00,2024-12-31 15:55:00,0,0,0,0,0,0,0,0,1,1027
LLY,94327,2010-01-25 09:30:00,2024-12-31 15:55:00,0,0,0,0,0,0,0,0,0,1220
LMT,94325,2010-01-25 09:30:00,2024-12-31 15:55:00,0,0,0,0,0,0,0,0,1,1219
LNT,94299,2010-01-25 09:30:00,2024-12-31 15:55:00,0,0,0,0,0,0,0,0,2,1219
LOW,94329,2010-01-25 09:30:00,2024-12-31 15:55:00,0,0,0,0,0,0,0,0,1,1219
LR.PA,16684,2022-12-23 09:00:00,2024-12-31 14:00:00,0,0,0,0,0,0,0,0,220,165
LRCX,94326,2010-01-25 09:30:00,2024-12-31 15:55:00,0,0,0,0,0,0,0,0,0,1219
LTCUSD,273076,2013-11-22 07:05:00,2025-01-01 23:55:00,0,0,0,0,0,0,0,0,1,914
LULU,94329,2010-01-25 09:30:00,2024-12-31 15:55:00,0,0,0,0,0,0,0,0,1,1219
LUV,94329,2010-01-25 09:30:00,2024-12-31 15:55:00,0,0,0,0,0,0,0,0,1,1219
LVS,94329,2010-01-25 09:30:00,2024-12-31 15:55:00,0,0,0,0,0,0,0,0,1,1219
LW,51463,2016-11-22 09:30:00,2024-12-31 15:55:00,0,0,0,0,0,0,0,0,2,665
LYB,89414,2010-10-25 09:30:00,2024-12-31 15:55:00,0,0,0,0,0,0,0,0,3,1156
LYV,94295,2010-01-25 09:30:00,2024-12-31 15:55:00,0,0,0,0,0,0,0,0,1,1219
MA,94322,2010-01-25 09:30:00,2024-12-31 15:55:00,0,0,0,0,0,0,0,0,1,1219
MAA,93919,2010-01-25 09:30:00,2024-12-31 15:55:00,0,0,0,0,0,0,0,0,1,1219
MAR,94328,2010-01-25 09:30:00,2024-12-31 15:55:00,0,0,0,0,0,0,0,0,2,1219
MAS,94329,2010-01-25 09:30:00,2024-12-31 15:55:00,0,0,0,0,0,0,0,0,4,1219
MATICUSD,129132,2021-03-23 00:00:00,2025-01-01 23:55:00,0,0,0,0,0,0,0,0,0,54
MB.MI,16575,2022-12-23 09:00:00,2024-12-30 17:25:00,0,0,0,0,0,0,0,0,234,163
MC.PA,17147,2022-12-23 09:00:00,2024-12-31 14:00:00,0,0,0,0,0,0,0,0,418,168
MCD,94312,2010-01-25 09:30:00,2024-12-31 15:55:00,0,0,0,0,0,0,0,0,1,1220
MCHP,94334,2010-01-25 09:30:00,2024-12-31 15:55:00,0,0,0,0,0,0,0,0,1,1219
MCK,94265,2010-01-25 09:30:00,2024-12-31 15:55:00,0,0,0,0,0,0,0,0,0,1219
MCO,94211,2010-01-25 09:30:00,2024-12-31 15:55:00,0,0,0,0,0,0,0,0,1,1219
MDLZ,76777,2012-10-23 09:30:00,2024-12-31 15:55:00,0,0,0,0,0,0,0,0,0,993
MDT,94329,2010-01-25 09:30:00,2024-12-31 15:55:00,0,0,0,0,0,0,0,0,1,1219
MET,94329,2010-01-25 09:30:00,2024-12-31 15:55:00,0,0,0,0,0,0,0,0,3,1219
META,79434,2012-05-23 09:30:00,2024-12-31 15:55:00,0,0,0,0,0,0,0,0,0,1027
MGM,94329,2010-01-25 09:30:00,2024-12-31 15:55:00,0,0,0,0,0,0,0,0,3,1219
MHK,94102,2010-01-25 09:30:00,2024-12-31 15:55:00,0,0,0,0,0,0,0,0,1,1219
MKC,94306,2010-01-25 09:30:00,2024-12-31 15:55:00,0,0,0,0,0,0,0,0,1,1219
MKTX,89741,2010-01-25 09:30:00,2024-12-31 15:55:00,0,0,0,0,0,0,0,0,1,1223
ML.PA,16813,2022-12-23 09:00:00,2024-12-31 14:00:00,0,0,0,0,0,0,0,0,223,165
MLM,93419,2010-01-25 09:30:00,2024-12-31 15:55:00,0,0,0,0,0,0,0,0,1,1219
MMC,94330,2010-01-25 09:30:00,2024-12-31 15:55:00,0,0,0,0,0,0,0,0,1,1219
MMM,94334,2010-01-25 09:30:00,2024-12-31 15:55:00,0,0,0,0,0,0,0,0,0,1219
MNST,81688,2012-01-23 09:30:00,2024-12-31 15:55:00,0,0,0,0,0,0,0,0,1,1056
MO,94334,2010-01-25 09:30:00,2024-12-31 15:55:00,0,0,0,0,0,0,0,0,0,1219
MOH,93072,2010-01-25 09:30:00,2024-12-31 15:55:00,0,0,0,0,0,0,0,0,2,1220
MONC.MI,16782,2022-12-23 09:00:00,2024-12-30 17:25:00,0,0,0,0,0,0,0,0,254,164
MOS,94331,2010-01-25 09:30:00,2024-12-31 15:55:00,0,0,0,0,0,0,0,0,1,1219
MOWI.OL,13671,2023-01-23 09:00:00,2024-12-30 16:15:00,0,0,0,0,0,0,0,0,145,158
MPC,84774,2011-07-25 09:30:00,2024-12-31 15:55:00,0,0,0,0,0,0,0,0,1,1096
MPWR,92473,2010-01-25 09:30:00,2024-12-31 15:55:00,0,0,0,0,0,0,0,0,0,1219
MRK,94334,2010-01-25 09:30:00,2024-12-31 15:55:00,0,0,0,0,0,0,0,0,1,1219
MRNA,38308,2018-12-24 09:30:00,2024-12-31 15:55:00,0,0,0,0,0,0,0,0,1,495
MS,94334,2010-01-25 09:30:00,2024-12-31 15:55:00,0,0,0,0,0,0,0,0,1,1219
MSCI,90265,2010-07-23 09:30:00,2024-12-31 15:55:00,0,0,0,0,0,0,0,0,2,1178
MSFT,94334,2010-01-25 09:30:00,2024-12-31 15:55:00,0,0,0,0,0,0,0,0,0,1219
MSI,87825,2011-01-24 09:30:00,2024-12-31 15:55:00,0,0,0,0,0,0,0,0,4,1137
MT.AS,15848,2022-12-23 09:00:00,2024-12-31 12:50:00,0,0,0,0,0,0,0,0,223,156
MTB,94284,2010-01-25 09:30:00,2024-12-31 15:55:00,0,0,0,0,0,0,0,0,1,1219
MTCH,57712,2015-11-23 09:30:00,2024-12-31 15:55:00,0,0,0,0,0,0,0,0,0,746
MTD,81106,2010-01-25 09:30:00,2024-11-29 12:55:00,0,0,0,0,0,0,0,0,3,1284
MU,94334,2010-01-25 09:30:00,2024-12-31 15:55:00,0,0,0,0,0,0,0,0,0,1219
NCLH,75343,2013-01-23 09:30:00,2024-12-31 15:55:00,0,0,0,0,0,0,0,0,1,976
NDAQ,94311,2010-01-25 09:30:00,2024-12-31 15:55:00,0,0,0,0,0,0,0,0,1,1219
NDSN,90029,2010-01-25 09:30:00,2024-12-31 15:55:00,0,0,0,0,0,0,0,0,1,1220
NEARUSD,99978,2022-01-23 00:00:00,2025-01-01 23:55:00,0,0,0,0,0,0,0,0,0,55
NEE,91682,2010-06-23 09:30:00,2024-12-31 15:55:00,0,0,0,0,0,0,0,0,0,1185
NEM,94333,2010-01-25 09:30:00,2024-12-31 15:55:00,0,0,0,0,0,0,0,0,0,1219
NFLX,94334,2010-01-25 09:30:00,2024-12-31 15:55:00,0,0,0,0,0,0,0,0,0,1219
NHY.OL,13844,2023-01-23 09:00:00,2024-12-30 16:15:00,0,0,0,0,0,0,0,0,130,158
NI,94334,2010-01-25 09:30:00,2024-12-31 15:55:00,0,0,0,0,0,0,0,0,0,1219
NKE,94334,2010-01-25 09:30:00,2024-12-31 15:55:00,0,0,0,0,0,0,0,0,0,1219
NN.AS,16223,2022-12-23 09:00:00,2024-12-31 12:50:00,0,0,0,0,0,0,0,0,129,160
NOC,94267,2010-01-25 09:30:00,2024-12-31 15:55:00,0,0,0,0,0,0,0,0,1,1219
NOW,78299,2012-07-23 09:30:00,2024-12-31 15:55:00,0,0,0,0,0,0,0,0,1,1014
NRG,94334,2010-01-25 09:30:00,2024-12-31 15:55:00,0,0,0,0,0,0,0,0,3,1219
NSC,94314,2010-01-25 09:30:00,2024-12-31 15:55:00,0,0,0,0,0,0,0,0,1,1220
NTAP,94334,2010-01-25 09:30:00,2024-12-31 15:55:00,0,0,0,0,0,0,0,0,2,1219
NTRS,94316,2010-01-25 09:30:00,2024-12-31 15:55:00,0,0,0,0,0,0,0,0,3,1219
NUE,94334,2010-01-25 09:30:00,2024-12-31 15:55:00,0,0,0,0,0,0,0,0,1,1219
NVDA,94334,2010-01-25 09:30:00,2024-12-31 15:55:00,0,0,0,0,0,0,0,0,0,1219
NVR,77966,2010-01-25 09:30:00,2024-12-31 15:55:00,0,0,0,0,0,0,0,0,3,1372
NWS,93134,2010-01-25 09:30:00,2024-12-31 15:55:00,0,0,0,0,0,0,0,0,3,1220
NWSA,94331,2010-01-25 09:30:00,2024-12-31 15:55:00,0,0,0,0,0,0,0,0,2,1219
NXPI,90485,2010-08-23 09:30:00,2024-12-31 15:55:00,0,0,0,0,0,0,0,0,0,1173
NZDUSD,352557,2010-01-24 17:05:00,2024-12-31 15:00:00,0,0,0,0,0,0,0,0,265,471
O,94333,2010-01-25 09:30:00,2024-12-31 15:55:00,0,0,0,0,0,0,0,0,0,1219
ODFL,94100,2010-01-25 09:30:00,2024-12-31 15:55:00,0,0,0,0,0,0,0,0,0,1219
OKE,94332,2010-01-25 09:30:00,2024-12-31 15:55:00,0,0,0,0,0,0,0,0,3,1219
OMC,94334,2010-01-25 09:30:00,2024-12-31 15:55:00,0,0,0,0,0,0,0,0,2,1219
ON,61549,2015-04-22 09:30:00,2024-12-31 15:55:00,0,0,0,0,0,0,0,0,0,795
OR.PA,13262,2022-12-23 09:00:00,2024-12-31 14:00:00,0,0,0,0,0,0,0,0,128,130
ORA.PA,16174,2022-12-23 09:00:00,2024-12-31 14:00:00,0,0,0,0,0,0,0,0,224,161
ORCL,94329,2010-01-25 09:30:00,2024-12-31 15:55:00,0,0,0,0,0,0,0,0,2,1219
ORLY,93760,2010-01-25 09:30:00,2024-12-31 15:55:00,0,0,0,0,0,0,0,0,0,1219
OTIS,30012,2020-04-22 09:30:00,2024-12-31 15:55:00,0,0,0,0,0,0,0,0,1,387
OXY,94322,2010-01-25 09:30:00,2024-12-31 15:55:00,0,0,0,0,0,0,0,0,0,1219
PANW,78328,2012-07-23 09:30:00,2024-12-31 15:55:00,0,0,0,0,0,0,0,0,4,1014
PARA,18420,2022-02-22 09:30:00,2024-12-31 15:55:00,0,0,0,0,0,0,0,0,1,237
PAYC,66118,2014-04-22 09:30:00,2024-12-31 15:55:00,0,0,0,0,0,0,0,0,1,889
PAYX,94334,2010-01-25 09:30:00,2024-12-31 15:55:00,0,0,0,0,0,0,0,0,3,1219
PCAR,94333,2010-01-25 09:30:00,2024-12-31 15:55:00,0,0,0,0,0,0,0,0,2,1219
PCG,94313,2010-01-25 09:30:00,2024-12-31 15:55:00,0,0,0,0,0,0,0,0,0,1219
PEG,94329,2010-01-25 09:30:00,2024-12-31 15:55:00,0,0,0,0,0,0,0,0,0,1219
PEP,94328,2010-01-25 09:30:00,2024-12-31 15:55:00,0,0,0,0,0,0,0,0,3,1220
PFE,94320,2010-01-25 09:30:00,2024-12-31 15:55:00,0,0,0,0,0,0,0,0,0,1219
PFG,94322,2010-01-25 09:30:00,2024-12-31 15:55:00,0,0,0,0,0,0,0,0,2,1220
PG,94329,2010-01-25 09:30:00,2024-12-31 15:55:00,0,0,0,0,0,0,0,0,1,1219
PGR,94329,2010-01-25 09:30:00,2024-12-31 15:55:00,0,0,0,0,0,0,0,0,0,1219
PH,94219,2010-01-25 09:30:00,2024-12-31 15:55:00,0,0,0,0,0,0,0,0,1,1219
PHIA.AS,16292,2022-12-23 09:00:00,2024-12-31 12:50:00,0,0,0,0,0,0,0,0,231,161
PHM,94329,2010-01-25 09:30:00,2024-12-31 15:55:00,0,0,0,0,0,0,0,0,2,1219
PKG,94058,2010-01-25 09:30:00,2024-12-31 15:55:00,0,0,0,0,0,0,0,0,1,1219
PLD,94326,2010-01-25 09:30:00,2024-12-31 15:55:00,0,0,0,0,0,0,0,0,1,1219
PLTR,26616,2020-10-23 09:30:00,2024-12-31 15:55:00,0,0,0,0,0,0,0,0,0,344
PM,94328,2010-01-25 09:30:00,2024-12-31 15:55:00,0,0,0,0,0,0,0,0,1,1219
PNC,94329,2010-01-25 09:30:00,2024-12-31 15:55:00,0,0,0,0,0,0,0,0,1,1219
PNR,94299,2010-01-25 09:30:00,2024-12-31 15:55:00,0,0,0,0,0,0,0,0,5,1220
PNW,94292,2010-01-25 09:30:00,2024-12-31 15:55:00,0,0,0,0,0,0,0,0,1,1219
PODD,92980,2010-01-25 09:30:00,2024-12-31 15:55:00,0,0,0,0,0,0,0,0,5,1219
POOL,90940,2010-01-25 09:30:00,2024-12-31 15:55:00,0,0,0,0,0,0,0,0,1,1219
PPG,94318,2010-01-25 09:30:00,2024-12-31 15:55:00,0,0,0,0,0,0,0,0,2,1219
PPL,94328,2010-01-25 09:30:00,2024-12-31 15:55:00,0,0,0,0,0,0,0,0,1,1219
PRU,94329,2010-01-25 09:30:00,2024-12-31 15:55:00,0,0,0,0,0,0,0,0,3,1219
PRX.AS,13761,2022-12-23 09:00:00,2024-12-31 12:50:00,0,0,0,0,0,0,0,0,225,135
PRY.MI,16983,2022-12-23 09:00:00,2024-12-30 17:25:00,0,0,0,0,0,0,0,0,245,166
PSA,94242,2010-01-25 09:30:00,2024-12-31 15:55:00,0,0,0,0,0,0,0,0,3,1219
PST.MI,16571,2022-12-23 09:00:00,2024-12-30 17:25:00,0,0,0,0,0,0,0,0,250,163
PSX,79424,2012-05-23 09:30:00,2024-12-31 15:55:00,0,0,0,0,0,0,0,0,3,1027
PTC,71589,2010-01-25 09:30:00,2024-12-31 15:55:00,0,0,0,0,0,0,0,0,1,1062
PUB.PA,16631,2022-12-23 09:00:00,2024-12-31 14:00:00,0,0,0,0,0,0,0,0,233,165
PWR,94307,2010-01-25 09:30:00,2024-12-31 15:55:00,0,0,0,0,0,0,0,0,1,1219
PYPL,59911,2015-07-23 09:30:00,2024-12-31 15:55:00,0,0,0,0,0,0,0,0,0,774
QCOM,94334,2010-01-25 09:30:00,2024-12-31 15:55:00,0,0,0,0,0,0,0,0,0,1219
RACE.MI,16714,2022-12-23 09:00:00,2024-12-30 17:25:00,0,0,0,0,0,0,0,0,129,163
RAND.AS,16369,2022-12-23 09:00:00,2024-12-31 12:50:00,0,0,0,0,0,0,0,0,230,165
RCL,94324,2010-01-25 09:30:00,2024-12-31 15:55:00,0,0,0,0,0,0,0,0,0,1219
REC.MI,15880,2022-12-23 09:00:00,2024-12-30 17:25:00,0,0,0,0,0,0,0,0,282,166
REG,94215,2010-01-25 09:30:00,2024-12-31 15:55:00,0,0,0,0,0,0,0,0,1,1220
REGN,93963,2010-01-25 09:30:00,2024-12-31 15:55:00,0,0,0,0,0,0,0,0,0,1223
RF,94329,2010-01-25 09:30:00,2024-12-31 15:55:00,0,0,0,0,0,0,0,0,5,1219
RI.PA,16700,2022-12-23 09:00:00,2024-12-31 14:00:00,0,0,0,0,0,0,0,0,228,164
RJF,94279,2010-01-25 09:30:00,2024-12-31 15:55:00,0,0,0,0,0,0,0,0,1,1219
RL,94288,2010-01-25 09:30:00,2024-12-31 15:55:00,0,0,0,0,0,0,0,0,1,1219
RMD,94150,2010-01-25 09:30:00,2024-12-31 15:55:00,0,0,0,0,0,0,0,0,1,1219
RMS.PA,15703,2022-12-23 09:00:00,2024-12-31 14:00:00,0,0,0,0,0,0,0,0,245,154
RNO.PA,16689,2022-12-23 09:00:00,2024-12-31 14:00:00,0,0,0,0,0,0,0,0,231,166
ROK,94234,2010-01-25 09:30:00,2024-12-31 15:55:00,0,0,0,0,0,0,0,0,1,1220
ROL,92911,2010-01-25 09:30:00,2024-12-31 15:55:00,0,0,0,0,0,0,0,0,3,1220
ROP,93581,2010-01-25 09:30:00,2024-12-31 15:55:00,0,0,0,0,0,0,0,0,0,1219
ROST,94334,2010-01-25 09:30:00,2024-12-31 15:55:00,0,0,0,0,0,0,0,0,1,1219
RSG,94312,2010-01-25 09:30:00,2024-12-31 15:55:00,0,0,0,0,0,0,0,0,1,1219
RTX,30012,2020-04-22 09:30:00,2024-12-31 15:55:00,0,0,0,0,0,0,0,0,0,387
RVTY,10371,2023-05-23 09:30:00,2024-12-31 15:55:00,0,0,0,0,0,0,0,0,2,134
RYA.IR,15379,2022-12-23 08:00:00,2024-12-31 12:30:00,0,0,0,0,0,0,0,0,479,175
SAF.PA,16197,2022-12-23 09:00:00,2024-12-31 14:00:00,0,0,0,0,0,0,0,0,231,159
SAN.PA,13670,2022-12-23 09:00:00,2024-12-31 14:00:00,0,0,0,0,0,0,0,0,227,134
SBAC,94209,2010-01-25 09:30:00,2024-12-31 15:55:00,0,0,0,0,0,0,0,0,1,1219
SBUX,94334,2010-01-25 09:30:00,2024-12-31 15:55:00,0,0,0,0,0,0,0,0,1,1219
SCHW,94334,2010-01-25 09:30:00,2024-12-31 15:55:00,0,0,0,0,0,0,0,0,1,1219
SGO.PA,16309,2022-12-23 09:00:00,2024-12-31 14:00:00,0,0,0,0,0,0,0,0,223,161
SHELL.AS,13248,2022-12-23 09:00:00,2024-12-31 12:50:00,0,0,0,0,0,0,0,0,227,130
SHIBUSD,112546,2021-09-22 00:00:00,2025-01-01 23:55:00,0,0,0,0,0,0,0,0,0,51
SHW,94206,2010-01-25 09:30:00,2024-12-31 15:55:00,0,0,0,0,0,0,0,0,1,1219
SJM,94301,2010-01-25 09:30:00,2024-12-31 15:55:00,0,0,0,0,0,0,0,0,1,1219
SLB,94334,2010-01-25 09:30:00,2024-12-31 15:55:00,0,0,0,0,0,0,0,0,0,1219
SMCI,81268,2010-01-25 09:30:00,2024-12-31 15:55:00,0,0,0,0,0,0,0,0,0,1101
SNA,92776,2010-01-25 09:30:00,2024-12-31 15:55:00,0,0,0,0,0,0,0,0,2,1219
SNPS,94283,2010-01-25 09:30:00,2024-12-31 15:55:00,0,0,0,0,0,0,0,0,0,1219
SO,94334,2010-01-25 09:30:00,2024-12-31 15:55:00,0,0,0,0,0,0,0,0,1,1219
SOLB.BR,15851,2022-12-23 09:00:00,2024-12-31 12:40:00,0,0,0,0,0,0,0,0,244,165
SOLUSD,132442,2021-02-25 04:40:00,2025-01-01 23:55:00,0,0,0,0,0,0,0,0,3,48
SOLV,4604,2024-04-22 09:30:00,2024-12-31 15:55:00,0,0,0,0,0,0,0,0,0,59
SPG,94332,2010-01-25 09:30:00,2024-12-31 15:55:00,0,0,0,0,0,0,0,0,1,1219
SPGI,54824,2016-05-23 09:30:00,2024-12-31 15:55:00,0,0,0,0,0,0,0,0,4,708
SRE,94330,2010-01-25 09:30:00,2024-12-31 15:55:00,0,0,0,0,0,0,0,0,1,1219
SRG.MI,16479,2022-12-23 09:00:00,2024-12-30 17:25:00,0,0,0,0,0,0,0,0,236,162
STE,93159,2010-01-25 09:30:00,2024-12-31 15:55:00,0,0,0,0,0,0,0,0,4,1219
STLAP.PA,11434,2023-07-28 09:00:00,2024-12-31 14:00:00,0,0,0,0,0,0,0,0,119,114
STLD,94330,2010-01-25 09:30:00,2024-12-31 15:55:00,0,0,0,0,0,0,0,0,3,1219
STMPA.PA,11842,2023-07-24 09:00:00,2024-12-31 14:00:00,0,0,0,0,0,0,0,0,105,116
STT,94334,2010-01-25 09:30:00,2024-12-31 15:55:00,0,0,0,0,0,0,0,0,1,1219
STX,94334,2010-01-25 09:30:00,2024-12-31 15:55:00,0,0,0,0,0,0,0,0,1,1219
STZ,94316,2010-01-25 09:30:00,2024-12-31 15:55:00,0,0,0,0,0,0,0,0,1,1220
SU.PA,13671,2022-12-23 09:00:00,2024-12-31 14:00:00,0,0,0,0,0,0,0,0,137,134
SW,56703,2016-01-25 09:30:00,2024-12-31 15:55:00,0,0,0,0,0,0,0,0,1609,734
SW.PA,15398,2022-12-23 09:00:00,2024-12-31 14:00:00,0,0,0,0,0,0,0,0,242,165
SWK,94326,2010-01-25 09:30:00,2024-12-31 15:55:00,0,0,0,0,0,0,0,0,3,1219
SWKS,94333,2010-01-25 09:30:00,2024-12-31 15:55:00,0,0,0,0,0,0,0,0,2,1219
SYF,65439,2014-08-25 09:30:00,2024-12-31 15:55:00,0,0,0,0,0,0,0,0,2,846
SYK,94320,2010-01-25 09:30:00,2024-12-31 15:55:00,0,0,0,0,0,0,0,0,1,1219
SYY,94329,2010-01-25 09:30:00,2024-12-31 15:55:00,0,0,0,0,0,0,0,0,1,1219
T,94329,2010-01-25 09:30:00,2024-12-31 15:55:00,0,0,0,0,0,0,0,0,0,1219
TAP,94324,2010-01-25 09:30:00,2024-12-31 15:55:00,0,0,0,0,0,0,0,0,1,1219
TDG,91107,2010-01-25 09:30:00,2024-12-31 15:55:00,0,0,0,0,0,0,0,0,1,1222
TDY,86786,2010-01-25 09:30:00,2024-12-31 15:55:00,0,0,0,0,0,0,0,0,4,1232
TECH,87729,2010-01-25 09:30:00,2024-12-31 15:55:00,0,0,0,0,0,0,0,0,1,1225
TEL,94320,2010-01-25 09:30:00,2024-12-31 15:55:00,0,0,0,0,0,0,0,0,1,1219
TEL.OL,13163,2023-01-23 09:00:00,2024-12-30 16:15:00,0,0,0,0,0,0,0,0,141,158
TEN.MI,16370,2022-12-23 09:00:00,2024-12-30 17:25:00,0,0,0,0,0,0,0,0,148,160
TER,94328,2010-01-25 09:30:00,2024-12-31 15:55:00,0,0,0,0,0,0,0,0,1,1219
TFC,32082,2019-12-23 09:30:00,2024-12-31 15:55:00,0,0,0,0,0,0,0,0,1,414
TGT,94329,2010-01-25 09:30:00,2024-12-31 15:55:00,0,0,0,0,0,0,0,0,1,1219
TJX,94329,2010-01-25 09:30:00,2024-12-31 15:55:00,0,0,0,0,0,0,0,0,1,1219
TKO,8103,2023-09-22 09:30:00,2024-12-31 15:55:00,0,0,0,0,0,0,0,0,2,105
TMO,94322,2010-01-25 09:30:00,2024-12-31 15:55:00,0,0,0,0,0,0,0,0,1,1219
TMUS,73254,2013-05-23 09:30:00,2024-12-31 15:55:00,0,0,0,0,0,0,0,0,2,947
TPL,13140,2010-01-25 09:30:00,2024-12-31 15:55:00,0,0,0,0,0,0,0,0,0,923
TPR,45042,2017-11-22 09:30:00,2024-12-31 15:55:00,0,0,0,0,0,0,0,0,0,582
TRGP,87620,2010-12-23 09:30:00,2024-12-31 15:55:00,0,0,0,0,0,0,0,0,1,1148
TRMB,94293,2010-01-25 09:30:00,2024-12-31 15:55:00,0,0,0,0,0,0,0,0,1,1219
TRN.MI,16550,2022-12-23 09:00:00,2024-12-30 17:25:00,0,0,0,0,0,0,0,0,261,162
TROW,94333,2010-01-25 09:30:00,2024-12-31 15:55:00,0,0,0,0,0,0,0,0,0,1219
TRV,94323,2010-01-25 09:30:00,2024-12-31 15:55:00,0,0,0,0,0,0,0,0,0,1219
TRXUSD,233166,2017-10-23 00:40:00,2025-01-01 23:55:00,0,0,0,0,0,0,0,0,5,312
TSCO,94308,2010-01-25 09:30:00,2024-12-31 15:55:00,0,0,0,0,0,0,0,0,3,1219
TSLA,91324,2010-06-29 11:25:00,2024-12-31 15:55:00,0,0,0,0,0,0,0,0,1,1181
TSN,94329,2010-01-25 09:30:00,2024-12-31 15:55:00,0,0,0,0,0,0,0,0,1,1219
TT,30620,2020-03-23 09:30:00,2024-12-31 15:55:00,0,0,0,0,0,0,0,0,1,395
TTD,52363,2016-09-22 09:30:00,2024-12-31 15:55:00,0,0,0,0,0,0,0,0,1,679
TTE.PA,11748,2022-12-23 09:00:00,2024-12-31 14:00:00,0,0,0,0,0,0,0,0,232,115
TTWO,94329,2010-01-25 09:30:00,2024-12-31 15:55:00,0,0,0,0,0,0,0,0,1,1219
TXN,94334,2010-01-25 09:30:00,2024-12-31 15:55:00,0,0,0,0,0,0,0,0,1,1219
TXT,94321,2010-01-25 09:30:00,2024-12-31 15:55:00,0,0,0,0,0,0,0,0,1,1219
TYL,88228,2010-01-25 09:30:00,2024-12-31 15:55:00,0,0,0,0,0,0,0,0,3,1221
UAL,89415,2010-10-25 09:30:00,2024-12-31 15:55:00,0,0,0,0,0,0,0,0,0,1156
UBER,35633,2019-05-23 09:30:00,2024-12-31 15:55:00,0,0,0,0,0,0,0,0,0,460
UCB.BR,16196,2022-12-23 09:00:00,2024-12-31 12:50:00,0,0,0,0,0,0,0,0,224,164
UCG.MI,14678,2022-12-23 09:00:00,2024-12-30 17:25:00,0,0,0,0,0,0,0,0,317,144
UDR,94324,2010-01-25 09:30:00,2024-12-31 15:55:00,0,0,0,0,0,0,0,0,2,1219
UHS,94135,2010-01-25 09:30:00,2024-12-31 15:55:00,0,0,0,0,0,0,0,0,2,1219
ULTA,94242,2010-01-25 09:30:00,2024-12-31 15:55:00,0,0,0,0,0,0,0,0,1,1219
UMI.BR,16021,2022-12-23 09:00:00,2024-12-31 12:45:00,0,0,0,0,0,0,0,0,271,168
UNH,94329,2010-01-25 09:30:00,2024-12-31 15:55:00,0,0,0,0,0,0,0,0,1,1219
UNIUSD,146892,2020-09-22 00:00:00,2025-01-01 23:55:00,0,0,0,0,0,0,0,0,0,63
UNP,94327,2010-01-25 09:30:00,2024-12-31 15:55:00,0,0,0,0,0,0,0,0,3,1219
UPS,94329,2010-01-25 09:30:00,2024-12-31 15:55:00,0,0,0,0,0,0,0,0,3,1219
URI,94176,2010-01-25 09:30:00,2024-12-31 15:55:00,0,0,0,0,0,0,0,0,1,1219
URW.PA,10366,2023-09-22 09:00:00,2024-12-31 14:00:00,0,0,0,0,0,0,0,0,112,104
USB,94329,2010-01-25 09:30:00,2024-12-31 15:55:00,0,0,0,0,0,0,0,0,1,1219
USDCAD,352807,2010-01-24 17:05:00,2024-12-31 15:00:00,0,0,0,0,0,0,0,0,1449,459
USDCHF,353504,2010-01-24 17:05:00,2025-01-01 23:55:00,0,0,0,0,0,0,0,0,561,454
USDJPY,354018,2010-01-24 17:05:00,2024-12-31 15:00:00,0,0,0,0,0,0,0,0,267,454
V,94334,2010-01-25 09:30:00,2024-12-31 15:55:00,0,0,0,0,0,0,0,0,0,1219
VETUSD,135362,2018-08-28 08:50:00,2025-01-01 23:55:00,0,0,0,0,0,0,0,0,0,2908
VICI,43587,2018-02-20 09:30:00,2024-12-31 15:55:00,0,0,0,0,0,0,0,0,1,563
VIE.PA,16783,2022-12-23 09:00:00,2024-12-31 14:00:00,0,0,0,0,0,0,0,0,233,165
VIV.PA,16545,2022-12-23 09:00:00,2024-12-31 14:00:00,0,0,0,0,0,0,0,0,258,168
VLO,94333,2010-01-25 09:30:00,2024-12-31 15:55:00,0,0,0,0,0,0,0,0,1,1219
VLTO,7686,2023-10-23 09:30:00,2024-12-31 15:55:00,0,0,0,0,0,0,0,0,1,99
VMC,94266,2010-01-25 09:30:00,2024-12-31 15:55:00,0,0,0,0,0,0,0,0,1,1219
VRSK,94169,2010-01-25 09:30:00,2024-12-31 15:55:00,0,0,0,0,0,0,0,0,0,1219
VRSN,94146,2010-01-25 09:30:00,2024-12-31 15:55:00,0,0,0,0,0,0,0,0,3,1219
VRTX,94222,2010-01-25 09:30:00,2024-12-31 15:55:00,0,0,0,0,0,0,0,0,0,1219
VST,48386,2017-05-23 09:30:00,2024-12-31 15:55:00,0,0,0,0,0,0,0,0,1,625
VTR,94330,2010-01-25 09:30:00,2024-12-31 15:55:00,0,0,0,0,0,0,0,0,2,1219
VTRS,26190,2020-11-23 09:30:00,2024-12-31 15:55:00,0,0,0,0,0,0,0,0,4,338
VZ,94334,2010-01-25 09:30:00,2024-12-31 15:55:00,0,0,0,0,0,0,0,0,0,1219
WAB,94110,2010-01-25 09:30:00,2024-12-31 15:55:00,0,0,0,0,0,0,0,0,1,1219
WAT,93387,2010-01-25 09:30:00,2024-12-31 15:55:00,0,0,0,0,0,0,0,0,2,1219
WBA,63109,2015-01-23 09:30:00,2024-12-31 15:55:00,0,0,0,0,0,0,0,0,2,815
WBD,25156,2010-01-25 09:30:00,2024-12-31 15:55:00,0,0,0,0,0,0,0,0,0,344
WDAY,76750,2012-10-23 09:30:00,2024-12-31 15:55:00,0,0,0,0,0,0,0,0,1,993
WDC,94334,2010-01-25 09:30:00,2024-12-31 15:55:00,0,0,0,0,0,0,0,0,0,1219
WEC,94331,2010-01-25 09:30:00,2024-12-31 15:55:00,0,0,0,0,0,0,0,0,1,1219
WELL,42971,2018-03-23 09:30:00,2024-12-31 15:55:00,0,0,0,0,0,0,0,0,3,555
WFC,94333,2010-01-25 09:30:00,2024-12-31 15:55:00,0,0,0,0,0,0,0,0,1,1219
WKL.AS,16684,2022-12-23 09:00:00,2024-12-31 12:45:00,0,0,0,0,0,0,0,0,221,165
WLN.PA,16889,2022-12-23 09:00:00,2024-12-31 14:00:00,0,0,0,0,0,0,0,0,241,167
WM,94333,2010-01-25 09:30:00,2024-12-31 15:55:00,0,0,0,0,0,0,0,0,0,1219
WMB,94313,2010-01-25 09:30:00,2024-12-31 15:55:00,0,0,0,0,0,0,0,0,1,1219
WMT,94344,2010-01-25 09:30:00,2024-12-31 15:55:00,0,0,0,0,0,0,0,0,0,1221
WRB,94101,2010-01-25 09:30:00,2024-12-31 15:55:00,0,0,0,0,0,0,0,0,1,1219
WSM,94317,2010-01-25 09:30:00,2024-12-31 15:55:00,0,0,0,0,0,0,0,0,1,1219
WST,91593,2010-01-25 09:30:00,2024-12-31 15:55:00,0,0,0,0,0,0,0,0,2,1219
WTW,74241,2010-01-25 09:30:00,2024-12-31 15:55:00,0,0,0,0,0,0,0,0,4,963
WY,94334,2010-01-25 09:30:00,2024-12-31 15:55:00,0,0,0,0,0,0,0,0,4,1219
WYNN,94332,2010-01-25 09:30:00,2024-12-31 15:55:00,0,0,0,0,0,0,0,0,1,1219
XEL,94333,2010-01-25 09:30:00,2024-12-31 15:55:00,0,0,0,0,0,0,0,0,1,1219
XLMUSD,232237,2018-02-20 00:00:00,2025-01-01 23:55:00,0,0,0,0,0,0,0,0,0,144
XOM,94334,2010-01-25 09:30:00,2024-12-31 15:55:00,0,0,0,0,0,0,0,0,0,1219
XRPUSD,266330,2017-01-23 01:50:00,2025-01-01 23:55:00,0,0,0,0,0,0,0,0,2,441
XTZUSD,254077,2017-07-23 00:00:00,2025-01-01 23:55:00,0,0,0,0,0,0,0,0,1,117
XYL,82569,2011-11-22 09:30:00,2024-12-31 15:55:00,0,0,0,0,0,0,0,0,3,1068
XYZ,57718,2015-11-23 09:30:00,2024-12-31 15:55:00,0,0,0,0,0,0,0,0,1,746
YUM,94334,2010-01-25 09:30:00,2024-12-31 15:55:00,0,0,0,0,0,0,0,0,1,1219
ZBH,60142,2015-06-29 09:35:00,2024-12-31 15:55:00,0,0,0,0,0,0,0,0,1,777
ZBRA,92176,2010-01-25 09:30:00,2024-12-31 15:55:00,0,0,0,0,0,0,0,0,1,1219
ZTS,74896,2013-02-20 09:30:00,2024-12-31 15:55:00,0,0,0,0,0,0,0,0,0,968
